59839025745,-3,1,1,2,0,0,-2,-2
59839025745,-1,0,1,-2,-1,-3,0,0
59839026623,0,0,2,0,-1,1,2,0
59839026623,-2,1,-1,-1,-2,-8,-3,1
59839028873,-1,-2,2,0,0,5,6,3
59839028873,-1,-1,3,0,4,3,3,3
59839029519,-3,-1,0,0,2,1,-5,-4
59839029519,5,3,5,2,3,3,2,1
59839037346,-6,2,2,-3,0,-1,8,1
59839037346,-3,2,1,2,0,-1,5,2
59839042911,2,1,1,-3,-1,1,-2,-1
59839042911,-4,-2,0,0,0,1,-7,-3
59839051587,6,1,-1,1,1,-1,-1,3
59839051587,0,1,-3,-1,-1,2,1,0
59839066679,-4,-3,-2,0,-1,-2,2,-1
59839066679,1,1,0,-1,-1,-1,-2,-4
59839073082,0,-1,-2,0,-2,-3,-11,-1
59839073082,0,-1,-1,-2,-1,-2,0,-3
59839084471,8,1,-3,0,-1,-1,4,3
59839084471,-4,0,-2,0,-3,0,-1,-1
59839097312,-1,-1,-1,-2,0,-1,3,0
59839097312,-2,-1,-2,-1,-2,-2,-10,-5
59839103006,-5,2,0,-3,-2,-1,-4,-2
59839103006,-1,-4,1,-1,0,-1,0,0
59839157869,0,0,-1,-1,-1,-3,-4,-2
59839157869,1,1,0,0,0,-1,0,1
59839158652,-2,-2,-1,-2,-2,1,1,-1
59839158652,-1,-1,-3,2,0,-3,-4,-1
59839159461,-2,-3,0,1,-1,2,0,-3
59839159461,-2,-1,-2,-2,-1,-2,-2,-3
59839160376,1,-2,-1,-2,0,-2,-2,-1
59839160376,-1,0,-4,-1,0,-2,1,3
59839164177,0,0,-3,-1,0,0,-1,-1
59839164177,-1,-2,0,-1,-3,-1,-3,-2
59839170284,-1,0,-3,0,-2,-2,-3,-5
59839170284,-2,0,0,-2,-5,-2,-2,-4
59839179205,1,-1,-4,-2,-2,-5,-3,-3
59839179205,-2,-3,-4,-3,-1,-4,-3,-3
59839192746,-1,-3,-1,-3,-4,-2,-6,-1
59839192746,-1,-5,0,-2,-2,1,1,-1
59839201733,-4,-3,-2,-2,-2,0,1,-1
59839201733,4,-1,-1,1,-1,-1,-6,-6
59839207801,-10,-3,-4,-2,-2,-2,2,-2
59839207801,-3,-4,-2,1,0,-3,-4,-2
59839222851,-1,-4,1,0,-1,0,0,0
59839222851,-2,-3,-1,-3,-1,-1,5,1
59839230390,8,0,0,-1,0,-2,-5,0
59839230390,-7,-2,-1,-3,-3,-2,2,-1
59839239249,-8,-2,1,-1,1,0,-5,-6
59839239249,5,0,1,3,0,1,4,3
59839252914,-2,3,0,1,-2,-2,-5,-6
59839252914,1,-1,3,-1,-1,0,1,-2
59839261726,0,-1,2,0,-3,0,-4,-3
59839261726,-4,1,1,-3,-2,0,1,-2
59839267696,-1,-1,2,0,-2,0,2,-1
59839267696,-1,2,1,1,-2,0,-4,-2
59839282715,0,2,2,3,1,-4,-13,-4
59839282715,-1,-4,5,4,1,5,22,12
59839290401,-2,-1,0,1,0,1,3,5
59839290401,3,2,1,1,-1,0,-1,-3
59839299362,-4,-3,2,0,1,1,1,1
59839299362,-3,-1,-2,-1,-4,-4,-14,-8
59839312846,-3,-1,3,1,0,-2,1,2
59839312846,3,1,1,-2,1,3,5,5
59839321776,3,1,-2,-1,0,-1,3,2
59839321776,-3,-1,-1,1,4,1,-3,0
59839327884,4,3,4,-1,3,1,5,4
59839327884,-2,1,1,-1,1,-2,-12,-11
59839342751,-1,2,3,-1,0,3,16,4
59839342751,0,5,3,-2,-2,-3,-6,-3
59839350368,2,2,1,0,1,-1,1,-1
59839350368,0,2,0,-3,-2,-1,1,1
59839359211,-5,1,0,-2,-2,-3,-3,-1
59839359211,1,2,-4,-1,1,-2,-3,3
59839372879,-1,-2,-2,-1,1,1,0,-5
59839372879,-4,-1,1,2,0,-1,-3,-1
59839381749,4,-1,-1,2,-1,-2,-2,-2
59839381749,-4,2,1,-1,1,1,-2,-2
59839387865,-2,-1,-2,-2,-3,1,-5,-2
59839387865,1,-2,1,-1,0,-1,-1,0
59839402751,2,0,-1,-1,-1,1,1,2
59839402751,-3,-3,-3,-1,-1,-3,-6,-4
59839410239,-5,-8,2,5,1,1,0,-2
59839410239,12,2,-1,0,0,-1,-1,-2
59839419174,-15,-8,1,-1,0,-1,-3,-1
59839419174,-2,-2,0,0,-1,0,9,6
59839432797,0,0,-2,-2,-2,-2,-2,0
59839432797,0,0,-2,-2,-1,0,4,3
59839448458,6,0,-1,-1,0,-1,-1,-1
59839448458,0,1,-2,0,0,-2,-5,-4
59839449171,1,-1,0,-1,-2,-1,-2,-4
59839449171,-4,-3,-1,-2,-1,0,-1,-1
59839462852,-2,3,-2,0,-1,-3,-7,-6
59839462852,-3,-2,1,-1,-1,1,4,2
59839470376,2,4,-1,0,-1,0,-1,-1
59839470376,10,1,-1,0,-1,2,4,1
59839479236,-4,-2,-3,0,-1,3,1,0
59839479236,-2,-2,-2,-1,-1,-2,-7,-4
59839492753,6,0,0,-1,0,-2,-7,-1
59839492753,-7,-3,-1,-1,-2,-2,9,2
59839501744,3,1,-3,-4,-1,1,1,-2
59839501744,-2,-1,-1,-3,-3,-1,-1,-1
59839507726,-4,1,-2,-2,-1,-4,-1,0
59839507726,-3,-1,-1,1,-2,-3,-2,-2
59839522849,3,1,-3,-1,-2,-1,-3,0
59839522849,-2,-2,0,1,-1,1,-1,-2
59839530390,-1,-2,-3,-2,0,0,0,-1
59839530390,-3,0,-2,-1,0,-1,-5,-3
59839539240,4,2,1,-2,-1,-4,-3,0
59839539240,-7,-4,-4,0,-3,-2,0,-3
59839552820,-3,-2,-2,0,-1,-3,0,0
59839552820,-7,-2,-4,2,-1,-1,-5,0
59839561690,6,2,-2,-1,0,-1,2,3
59839561690,4,1,-2,-2,-1,-4,-6,-2
59839567714,-5,-3,-2,-2,-1,-1,1,-1
59839567714,0,-2,0,-2,1,1,-4,-4
59839582712,-2,0,-1,-1,-2,-2,-4,-1
59839582712,0,-3,-1,1,1,-1,-4,-6
59839590204,-4,-1,-2,-3,0,0,6,4
59839590204,-3,-3,-1,-4,-2,-9,-5,-1
59839599302,-3,-2,0,-3,-3,2,5,0
59839599302,0,0,-2,1,0,1,5,1
59839612708,0,0,-1,-2,-3,-1,-6,-3
59839612708,0,1,0,1,3,2,-1,1
59839621722,-2,-3,-1,-1,-2,-3,-3,-3
59839621722,1,1,0,0,-1,4,1,-3
59839627694,-1,0,-2,1,3,5,2,-2
59839627694,-1,-1,-2,-5,-4,-1,-4,-1
59839642715,0,-2,1,9,13,7,4,2
59839642715,1,1,-3,-7,-5,-5,3,-1
59839650228,0,-3,0,2,0,-3,0,3
59839650228,-3,-2,-3,-4,-5,-5,-3,-3
59839659210,0,0,0,0,-3,-8,-5,-2
59839659210,2,2,-1,-1,0,3,1,1
59839672823,-2,-2,1,1,-3,-3,-3,-4
59839672823,-1,0,1,-1,0,1,-1,1
59839681752,1,1,-1,-3,-1,-3,-3,1
59839681752,0,-3,-1,2,1,2,0,0
59839687900,-2,-1,-3,-6,-14,-21,-9,-4
59839687900,-1,-1,1,2,10,16,5,1
59839702864,-1,4,3,0,8,7,6,1
59839702864,-2,-7,-7,-9,-6,2,4,2
59839710405,0,-2,-1,-12,-4,-4,-5,-4
59839710405,-4,-1,-16,-8,-14,-37,-24,-7
59839719209,-3,-4,-8,-8,-8,6,10,0
59839719209,3,2,1,-2,1,9,7,6
59839732832,2,3,1,10,30,11,4,2
59839732832,-1,-8,-4,-3,-10,-1,1,-2
59839741712,-3,-4,4,-2,4,-10,-7,-5
59839741712,-4,-3,-7,-17,-17,1,-8,-2
59839756037,-1,-3,6,13,-11,-12,-8,-5
59839756037,1,5,2,15,16,7,5,-1
59839762833,1,0,-12,-5,-3,2,3,2
59839762833,-1,-6,2,-7,-24,-18,-7,-4
59839770343,-2,0,-21,-4,18,22,8,2
59839770343,1,0,-3,7,2,1,4,1
59839779173,0,-2,23,16,1,-3,-3,-2
59839779173,0,-1,7,-12,-5,-15,-6,-4
59839792767,-2,1,-1,-15,-12,-4,-4,-3
59839792767,-1,-3,9,10,0,2,2,1
59839801778,1,2,-18,14,6,5,3,2
59839801778,-1,0,12,-4,12,1,-5,-3
59839816095,-5,-7,7,7,-6,2,0,-4
59839816095,1,6,14,-10,-5,1,0,-3
59839822825,-5,-7,4,-7,-8,-9,-5,-2
59839822825,3,-3,-34,4,13,5,0,1
59839830312,-5,-8,12,-2,0,0,1,-1
59839830312,-2,-1,4,-6,-2,2,6,2
59839839223,1,5,0,-3,-2,4,-2,0
59839839223,5,6,0,6,0,-5,-2,-4
59839853282,-1,-2,-23,-11,-10,-8,-4,0
59839853282,-5,-3,-20,3,1,0,-2,-4
59839861751,-1,-2,-10,-6,-4,0,0,-1
59839861751,1,6,-5,6,5,0,0,0
59839876128,1,0,2,-1,-5,-3,0,0
59839876128,-3,-4,5,-1,-3,-7,-3,-2
59839882838,0,1,-3,2,5,15,5,1
59839882838,-3,0,6,4,3,-1,2,-1
59839890344,19,10,12,2,0,-1,0,2
59839890344,-16,-9,-6,-4,-2,3,0,-2
59839899221,-7,-8,-1,-13,-11,-11,-6,-5
59839899221,5,3,5,9,0,-4,-1,4
59839912787,-4,-6,-2,-9,-1,-3,-3,-3
59839912787,5,-1,-8,2,4,5,3,-1
59839921759,1,-1,1,-1,-1,-4,-1,-1
59839921759,-9,-1,15,7,2,1,-4,-3
59839935970,3,5,4,4,-1,-1,-1,3
59839935970,7,0,-17,-10,-4,-3,-5,-1
59839942788,-4,-1,5,3,0,-2,0,0
59839942788,-1,-7,4,10,3,2,0,-6
59839950372,-6,-2,-19,-2,3,4,0,-3
59839950372,0,3,7,-8,-3,-3,-2,1
59839959232,3,1,-4,0,-5,-7,-6,-1
59839959232,-3,-2,-3,4,7,0,0,1
59839972831,-1,5,4,-1,-4,-1,-2,-1
59839972831,-1,-6,7,3,10,9,4,-1
59839981727,2,-4,-15,-7,0,-3,-3,-5
59839981727,10,4,3,-6,-3,-4,-3,-3
59839996022,-26,-7,-10,-4,0,2,3,0
59839996022,-2,4,17,1,-3,-1,0,0
59840002719,-2,-4,-3,-8,-3,2,0,-2
59840002719,-5,2,6,2,-3,0,-3,-1
59840010211,2,-5,-15,-1,-3,-2,-4,-3
59840010211,5,-3,-13,-6,-4,-3,-1,1
59840019197,-2,-3,4,5,1,3,1,5
59840019197,2,-1,-11,-4,-6,-4,-2,1
59840032905,5,3,2,-2,-1,-1,0,0
59840032905,-4,-2,1,0,0,0,0,-2
59840041734,3,2,-4,-1,-2,-3,-2,-3
59840041734,-4,-4,-6,-1,6,6,4,1
59840056033,0,1,5,-3,-3,-2,-2,-2
59840056033,2,0,-9,-4,-5,-3,-1,-1
59840062827,1,-2,3,1,2,2,2,0
59840062827,5,-6,4,-12,-5,-3,-3,-1
59840070314,-15,-6,0,6,4,2,1,1
59840070314,1,-1,4,-2,-3,-6,-3,-1
59840085311,-5,3,7,-1,-2,-4,-6,-5
59840085311,-2,-2,-11,5,5,6,3,1
59840092762,7,1,-8,-5,-3,-1,-1,1
59840092762,0,0,-18,-9,-4,-2,-2,-2
59840101727,-1,0,1,1,-2,-6,-3,1
59840101727,-4,-3,1,3,1,1,0,0
59840115910,6,1,-1,-2,-1,-3,-2,-2
59840115910,-2,-2,3,5,3,2,1,3
59840130230,-5,-4,2,-2,-1,1,0,-1
59840130230,-2,-3,-3,-5,-6,-5,-6,-4
59840138384,6,3,4,2,-2,-3,-5,-4
59840138384,0,-1,-4,3,1,3,2,2
59840145168,-3,-5,-2,-2,3,3,3,0
59840145168,-6,-2,5,-2,-2,-2,-1,0
59840152659,2,5,3,1,-4,-4,-4,-4
59840152659,0,4,1,1,0,-2,-3,-6
59840161717,1,-3,-5,-3,-4,-3,-1,4
59840161717,-4,-6,-9,-1,1,2,1,-1
59840175870,2,-2,5,1,-1,-2,0,-4
59840175870,-1,-1,0,-1,-1,1,-1,-1
59840182661,7,6,5,1,-3,-3,-2,-1
59840182661,-5,7,-1,-4,-1,-1,0,-1
59840198474,-1,-7,-2,2,2,2,2,1
59840198474,-1,-4,-4,-3,-3,-2,-5,-2
59840205365,-1,1,7,4,-1,-3,-2,-4
59840205365,2,-2,-3,0,-4,-5,-2,1
59840221754,-3,-1,2,-1,4,1,2,-2
59840221754,-3,-5,-1,-3,-2,0,-1,-3
59840223227,-1,-2,-8,1,0,-1,-2,-4
59840223227,0,0,-6,1,-3,-2,-2,4
59840236047,-2,-2,-4,0,1,1,0,0
59840236047,0,-1,-9,1,0,-1,2,4
59840242741,1,-6,-9,-7,-3,-3,-1,2
59840242741,-3,3,9,-2,0,-2,-1,-3
59840258450,1,-4,-8,-5,-4,-1,0,2
59840258450,1,-3,12,0,-1,-5,-3,-4
59840265355,-2,7,-3,-4,-2,3,-2,-3
59840265355,0,-9,-12,1,2,0,-1,-2
59840281692,-3,1,0,-5,-2,0,-1,-8
59840281692,-8,0,3,1,-3,-1,-2,0
59840283194,5,1,-10,-8,-3,-5,-2,6
59840283194,-1,0,8,5,2,3,3,-1
59840296047,0,-1,4,1,-3,-3,-4,-4
59840296047,-2,-3,-3,3,4,4,5,5
59840302792,-5,-3,4,1,-2,-1,-1,-9
59840302792,2,-1,-11,-4,-4,-1,-1,1
59840318406,0,-1,5,-1,-2,-1,2,6
59840318406,2,2,2,-3,-5,-5,-5,-2
59840325313,-5,-1,1,-3,0,1,1,-6
59840325313,-3,2,1,3,0,-4,-4,-2
59840341610,1,0,9,0,1,4,4,3
59840341610,-4,-2,-29,-5,-2,-1,-1,6
59840343145,-2,2,0,1,-2,0,1,-6
59840343145,-3,-5,-3,-6,-3,-2,-2,-8
59840356041,1,-3,-1,0,1,-1,-5,-1
59840356041,2,4,14,5,-3,2,0,-4
59840362865,-1,0,0,1,12,-3,-1,-1
59840362865,1,5,6,-2,-10,0,1,3
59840378411,-2,-4,-2,-2,-1,-5,-2,-4
59840378411,2,-1,7,0,-1,0,3,1
59840385210,-4,-6,-16,-3,-4,-2,-2,-2
59840385210,1,-2,-11,-3,1,-2,-4,2
59840401612,-2,-1,-6,-4,-3,-1,-2,1
59840401612,-1,-2,-3,-3,-4,-5,-4,-9
59840403204,-2,2,6,6,1,-3,-4,2
59840403204,-2,-1,5,2,4,4,5,6
59840416014,-1,-5,-10,-1,3,4,1,-7
59840416014,-2,0,0,1,-4,-4,-4,-4
59840422881,1,-3,-10,-6,-5,-1,-1,3
59840422881,-2,0,8,2,-1,-3,-4,-17
59840438510,0,2,-4,-3,-1,-3,2,15
59840438510,-2,-4,-13,-8,-5,-2,-1,-7
59840445316,-1,-2,-1,3,0,0,1,5
59840445316,-1,-4,-4,7,10,0,1,2
59840461672,-1,0,-14,-2,-8,1,0,-1
59840461672,-2,-3,-16,-3,1,-1,-2,-4
59840463156,-3,-4,-6,-4,-5,0,1,-4
59840463156,-2,2,-2,-5,-5,-8,-6,-8
59840475875,-1,3,-5,6,11,3,0,7
59840475875,4,1,-2,-3,-9,3,0,3
59840482857,1,-3,12,5,4,-3,1,-2
59840482857,-2,-1,-1,-2,-3,-1,1,0
59840498518,-1,2,2,-2,-4,-8,-6,-2
59840498518,-2,-1,5,-4,2,1,-1,-1
59840505315,4,3,16,3,0,-1,-1,0
59840505315,3,0,-1,-3,0,1,-2,-12
59840521800,-2,-5,3,2,-4,-3,-1,11
59840521800,2,1,5,1,3,1,2,3
59840523196,-4,0,0,3,-1,2,1,3
59840523196,-5,-4,-13,-10,-4,-4,-4,-7
59840536097,-2,-2,3,2,0,1,-1,-2
59840536097,1,-4,-4,2,2,-3,-1,0
59840542728,-1,6,-18,-3,-6,-3,0,-8
59840542728,3,2,-7,1,0,2,1,6
59840558425,-2,0,-14,-6,-2,-4,-4,-18
59840558425,-7,-13,-6,3,1,0,0,2
59840565332,2,-1,-17,-6,-4,-3,-2,6
59840565332,-4,-3,-11,7,5,8,3,1
59840581716,0,-10,-36,-5,1,2,0,-4
59840581716,3,11,32,2,-4,-5,-7,-7
59840583181,-1,0,-3,-2,-2,-5,-5,3
59840583181,-2,1,9,-3,-2,1,5,9
59840595988,0,-7,-9,-1,2,6,4,1
59840595988,-2,-3,-2,1,0,1,-1,-3
59840602866,-2,-4,1,-4,-3,-1,-3,-6
59840602866,2,1,6,0,-3,-10,-8,-1
59840618396,-3,2,20,4,3,-2,0,-5
59840618396,-3,-1,10,-6,-2,-1,2,13
59840625213,-2,-3,13,0,-2,-3,-5,-13
59840625213,-1,-6,6,-3,-1,0,2,7
59840641566,-2,4,32,3,1,-2,0,-1
59840641566,2,-1,-11,1,0,-3,-2,-1
59840643178,-1,0,23,3,3,1,0,3
59840643178,0,0,18,-1,-2,-1,-1,-1
59840655926,1,-4,-10,-3,-4,-4,-2,-4
59840655926,-1,-1,-6,-2,0,-2,-2,-1
59840662674,-1,-6,-17,-2,-5,-1,0,2
59840662674,-1,-4,-12,-3,-4,-4,-4,-1
59840678444,-2,-1,7,1,-2,3,1,1
59840678444,0,5,12,2,4,3,0,-2
59840685177,-5,-2,-7,-4,-4,-1,-4,-9
59840685177,2,-1,-2,-4,-2,0,1,9
59840701529,-6,0,-9,-2,-3,-3,-6,0
59840701529,-2,0,-7,-1,-4,-4,1,-9
59840703176,0,-1,4,1,3,5,3,-2
59840703176,-1,4,19,4,2,2,1,-3
59840716016,3,4,-6,-3,-6,-5,-2,0
59840716016,-2,-6,-13,-5,0,1,-3,-1
59840722803,-1,-1,-5,-2,0,-2,-3,-1
59840722803,0,-4,-5,-3,-1,0,2,-2
59840738591,1,0,9,4,-2,-3,-4,-4
59840738591,0,1,-1,-6,0,4,-1,4
59840745338,0,-3,-11,-2,3,1,1,3
59840745338,-4,5,-11,-5,-2,-3,-4,-12
59840761754,0,10,15,-2,-6,-2,-2,8
59840761754,-1,-5,-2,0,3,5,3,-3
59840763188,-1,-1,16,-1,-2,-2,-1,2
59840763188,-1,-5,-14,3,7,7,1,0
59840784135,-1,-8,16,-3,-6,-4,-1,-4
59840784135,1,0,8,-4,-1,-3,-3,-8
59840785675,1,3,1,-1,-1,0,1,1
59840785675,-3,-2,5,-5,-3,-7,-6,-4
59840798524,2,-2,-10,3,5,6,2,3
59840798524,-3,-5,-4,0,-3,-1,-1,1
59840805311,-4,-2,-5,3,0,1,-1,1
59840805311,-1,-4,-4,-5,-2,-5,-3,-4
59840821678,0,-2,-13,0,-2,0,-1,-4
59840821678,-1,3,-11,-1,-1,-2,0,1
59840823167,-3,-2,-16,-3,-2,0,1,-2
59840823167,2,8,39,9,-1,-1,-4,-2
59840835326,0,3,-5,-3,-1,-2,-2,-1
59840835326,-1,8,1,-4,-2,-4,0,-1
59840844238,-2,-12,-24,-4,-1,-2,-1,-3
59840844238,0,1,18,4,-1,0,-2,7
59840858460,-1,-14,-27,-3,0,-1,2,-7
59840858460,2,3,5,1,-2,-1,-4,-5
59840865342,0,-1,-8,-3,4,-1,-2,1
59840865342,-3,3,-9,0,-9,-4,-4,-4
59840881707,-5,-5,14,-3,2,-1,-2,-1
59840881707,-1,-5,-13,-1,-3,-2,-1,4
59840883176,1,0,6,-1,0,2,2,0
59840883176,0,-5,-13,-1,0,2,4,3
59840895300,4,1,8,3,0,-2,1,4
59840895300,-7,-9,-23,-4,-1,-2,-3,-7
59840904219,0,2,40,3,-2,3,-2,5
59840904219,-1,0,-10,-4,-2,-3,-3,-3
59840918516,-1,4,1,-6,0,0,1,0
59840918516,2,-13,9,12,5,5,6,10
59840925236,1,2,-7,-2,-4,-3,-4,-5
59840925236,-5,-3,-17,-6,-6,-1,-1,-3
59840941738,-4,0,6,1,3,0,0,-3
59840941738,7,10,10,4,-4,-5,1,12
59840943170,-3,-7,-7,-8,-3,-1,0,-7
59840943170,-3,-12,-3,-3,-2,3,1,-3
59840955342,0,-1,-9,0,-3,-3,-2,1
59840955342,-3,3,11,-1,-4,-3,-4,-6
59840964183,-1,3,-3,4,1,-3,1,1
59840964183,3,-2,-22,-6,0,-2,0,0
59840979231,-1,-2,-10,-2,-2,0,-1,0
59840979231,-5,-4,5,-2,2,-1,-2,-1
59840985361,1,2,2,-3,-2,-2,-3,-1
59840985361,-1,-3,-7,1,2,-1,0,5
59841000389,-2,-1,-7,-2,-2,0,-1,-6
59841000389,1,-2,-4,0,-2,-4,-3,-3
59841007839,-1,1,4,1,0,1,-1,-2
59841007839,1,2,-3,2,0,0,-2,-2
59841023371,-2,-1,7,1,3,0,0,2
59841023371,0,-1,-14,-3,0,-1,0,-6
59841024148,0,-6,3,2,3,0,-1,-1
59841024148,-1,1,3,-2,-5,-2,1,-1
59841039144,-2,-1,-3,-2,-4,-2,-2,-6
59841039144,-1,0,1,-3,0,-2,0,7
59841045197,0,2,-11,-3,-1,-3,-3,-3
59841045197,1,1,7,0,3,0,0,7
59841060174,-1,1,5,-1,-3,-3,-2,-2
59841060174,-2,-5,-6,-4,-1,0,-1,-9
59841067833,1,3,6,0,-1,-4,0,7
59841067833,-3,-5,8,0,-1,2,2,-2
59841083437,-2,0,1,-4,-5,-5,-2,-3
59841083437,0,2,-7,-2,0,-3,-3,-3
59841084170,-2,-2,-12,0,2,4,3,2
59841084170,-4,-2,-8,-1,-2,-2,-4,-9
59841099180,1,3,3,0,0,-3,-4,2
59841099180,-2,0,-3,-3,-4,-1,-1,-3
59841105386,-3,0,-1,0,-2,-5,-1,0
59841105386,2,2,-6,-1,0,1,-1,-1
59841120223,-1,-2,5,3,0,1,0,-2
59841120223,-3,0,-5,-3,-5,-1,-2,-3
59841127683,-1,-1,-1,-11,1,0,-1,5
59841127683,-3,-1,-4,7,-4,-1,0,-17
59841143341,-2,-5,-13,6,0,-2,7,19
59841143341,-2,0,1,13,7,3,-2,-2
59841144110,-5,-7,3,-20,-16,-9,-3,2
59841144110,5,2,6,-3,1,0,1,4
59841159264,-1,0,-9,-21,-3,0,-2,-8
59841159264,-7,-6,-2,-15,-3,2,-1,-4
59841165174,-3,2,2,29,3,-2,-4,1
59841165174,13,-1,12,23,6,0,4,3
59841180319,5,5,16,16,5,4,2,3
59841180319,2,0,2,5,4,1,12,5
59841187808,2,-1,-13,-23,-5,-1,-5,-8
59841187808,-9,-1,4,-9,5,4,-5,0
59841203542,-2,-11,-22,-3,-2,0,-3,-2
59841203542,0,1,2,-5,-8,-8,-6,-6
59841204169,-3,-3,-6,6,3,6,4,-2
59841204169,-1,-1,5,1,0,-6,0,3
59841219234,1,0,4,-6,-1,-3,-1,-4
59841219234,-5,-3,-10,-7,-2,-4,-5,-3
59841225238,-1,1,8,-7,-4,-3,0,-2
59841225238,-3,0,-6,-1,4,2,-1,-1
59841240209,0,0,2,-5,-2,1,-2,-4
59841240209,-1,0,9,9,-4,-2,-3,-1
59841247754,3,2,1,3,0,0,1,2
59841247754,-5,-1,-10,-2,1,1,1,-1
59841263506,-3,2,5,9,3,0,-1,-4
59841263506,2,-2,-10,-11,-3,-1,-2,2
59841264196,1,-4,3,8,2,1,-5,-2
59841264196,-4,-3,-11,-5,-12,-9,-2,0
59841279236,-3,-13,5,11,1,0,1,0
59841279236,0,0,-1,-10,2,2,-1,1
59841285395,0,0,1,13,2,2,0,1
59841285395,-1,0,-2,-5,1,-1,0,1
59841300365,0,4,-7,-7,-8,-4,-3,-3
59841300365,-1,0,4,-4,0,0,-1,-4
59841307855,0,-2,-6,2,0,-4,5,3
59841307855,0,2,9,12,2,-1,-4,-1
59841323513,-2,-4,-23,-42,-20,-5,-6,-3
59841323513,1,0,7,18,2,1,6,0
59841324124,-3,-5,-14,-19,-8,-3,-4,-5
59841324124,0,0,5,9,0,-4,-2,0
59841339201,1,1,2,4,6,4,0,-1
59841339201,-1,-2,-6,-3,-3,-1,-4,-3
59841345333,1,1,2,8,3,-1,0,-1
59841345333,0,-6,-7,2,7,8,3,1
59841360221,-2,0,-1,-19,-15,-8,0,-4
59841360221,2,1,0,20,14,9,4,5
59841367802,-5,-9,-15,-37,-17,-8,-4,-5
59841367802,0,2,5,-7,-10,-5,-3,-1
59841383586,0,-2,-1,9,-1,0,-1,-2
59841383586,0,-3,-3,20,4,0,0,-1
59841384142,2,3,6,-3,3,-1,-3,0
59841384142,-3,4,-5,-5,-1,0,-1,-4
59841399182,-2,-3,-9,-13,0,0,1,1
59841399182,1,2,-1,-1,1,-3,-3,-1
59841405313,-1,0,-2,8,2,5,1,0
59841405313,-1,1,-4,-15,-10,-5,-2,-2
59841420328,1,1,9,17,8,1,-2,-1
59841420328,-1,-1,-14,-11,-7,-7,-4,-3
59841427735,-1,1,0,6,1,-6,-5,-4
59841427735,0,-2,-4,10,9,7,3,1
59841443473,-1,-3,-11,-10,3,3,1,0
59841443473,1,-1,2,-1,-9,-6,0,0
59841444161,-4,-4,2,12,5,2,-4,-5
59841444161,-1,-2,-15,-38,-12,-8,2,2
59841459188,-3,-1,2,10,-4,-10,-10,-4
59841459188,-2,3,-1,-6,1,10,7,3
59841465182,1,0,9,17,3,1,0,1
59841465182,-3,-3,0,2,1,2,-9,-4
59841480177,1,0,1,2,1,-9,0,0
59841480177,0,-11,-6,-19,-11,-1,0,-1
59841487789,-1,0,-1,-1,0,-3,-2,0
59841487789,0,-1,-2,-1,8,10,7,-2
59841503490,-1,0,-5,8,-3,-1,0,1
59841503490,-2,1,8,4,1,-2,-4,-4
59841504130,0,-2,-3,-9,-1,-1,2,-2
59841504130,0,-3,2,-7,-14,-16,-8,-4
59841519682,-2,3,5,6,6,6,-2,0
59841519682,-2,-3,-11,-4,1,-2,1,-1
59841525225,-1,2,8,-1,0,3,2,-1
59841525225,-2,3,2,4,-1,-4,0,-1
59841540269,-2,-3,-1,-2,-5,-5,-1,-3
59841540269,2,5,12,-7,3,-7,-6,2
59841547833,-2,-4,-14,-2,-8,2,2,-3
59841547833,-2,-5,-2,10,8,3,0,-1
59841563492,2,4,5,-1,3,2,3,1
59841563492,-2,-4,-2,-5,-2,-3,-8,-6
59841564195,0,9,-6,-9,-5,-7,-1,3
59841564195,1,-4,-1,-5,-2,-9,-7,-1
59841579235,-2,-3,-6,2,-4,9,8,-2
59841579235,0,1,-2,-2,1,4,1,0
59841585332,0,-1,2,0,4,0,2,-2
59841585332,-1,-1,-5,2,-3,-1,-1,-2
59841600315,-1,-2,3,-1,0,-2,-2,0
59841600315,-3,-1,3,-4,-7,-11,-5,-4
59841607881,0,-2,2,4,0,7,3,-1
59841607881,-3,-4,-9,2,1,-1,0,-1
59841623342,-1,-3,2,4,2,-1,-3,-2
59841623342,0,1,0,7,0,1,4,-1
59841624124,-1,-2,-2,3,6,1,0,0
59841624124,-2,-1,-8,-15,-6,-2,2,0
59841639170,-1,1,2,-2,-8,-6,-3,-1
59841639170,-2,-3,-6,-8,-1,3,1,-1
59841645191,0,-2,-4,-6,-11,-6,-5,-1
59841645191,2,5,1,17,4,2,-1,0
59841660142,1,4,3,5,1,-5,-2,-3
59841660142,-3,-4,-2,1,0,-3,-2,1
59841667658,-1,-2,-2,-4,0,9,6,1
59841667658,-1,1,1,-7,-5,-1,1,1
59841683440,-1,-1,-7,-8,-1,-3,-5,-1
59841683440,0,-2,2,7,6,-2,-2,-3
59841684114,-1,-2,3,-2,0,-1,-2,-2
59841684114,-2,0,-3,-7,-1,0,0,-2
59841699176,-1,-1,0,4,2,4,4,0
59841699176,0,1,-1,5,4,6,0,-1
59841705331,-2,-1,-5,-1,-3,-4,2,4
59841705331,-2,-2,-1,-5,-6,-3,-5,-4
59841720287,-2,-3,0,8,5,2,-1,-3
59841720287,-3,3,-3,-3,-4,-3,-3,-1
59841727819,-1,-2,-5,-6,-7,-8,-6,-5
59841727819,-1,-2,-2,-4,-3,-2,-4,1
59841743360,-1,-7,-3,-1,3,-1,-2,0
59841743360,2,-1,-5,1,-4,-1,1,1
59841744257,-1,-7,2,2,2,-1,-3,-3
59841744257,-1,-5,-5,-7,-2,-2,0,-2
59841759246,0,-2,-8,-4,-1,2,1,0
59841759246,-1,-2,-1,-3,-2,1,1,0
59841765286,-1,-2,2,-3,-5,-8,-4,0
59841765286,-2,-3,6,7,-2,-14,-5,-5
59841780203,-1,1,4,3,7,25,12,0
59841780203,0,1,4,2,-1,-2,1,1
59841787691,1,1,-3,-4,1,0,-1,0
59841787691,-3,-2,-3,-4,-1,-2,0,-1
59841803494,-1,-1,-4,-1,-4,-8,-1,-1
59841803494,-2,-1,-9,-1,-5,-3,-2,-1
59841804167,0,7,0,1,0,0,0,1
59841804167,0,0,-1,0,-4,-3,-2,-2
59841819222,-2,-1,2,-4,-4,-5,-3,-2
59841819222,-4,-1,-1,-3,-2,2,-1,1
59841825370,0,0,-2,-3,1,-2,-2,-2
59841825370,0,0,-1,1,-2,3,-1,-1
59841840298,0,2,-1,2,2,-3,-9,-1
59841840298,-3,-4,-7,-5,-4,-4,7,-6
59841847814,-3,-2,-5,1,0,-2,-2,-1
59841847814,-1,-1,-1,1,0,4,3,1
59841863433,-1,-2,0,-1,-1,-2,2,0
59841863433,2,-2,-3,-1,-3,-1,-4,-1
59841864171,-1,-5,1,0,3,2,-1,0
59841864171,0,-1,2,2,1,1,2,2
59841879245,-1,0,-2,-3,-3,-8,-7,-3
59841879245,-2,-5,-2,-3,-3,1,-2,1
59841885316,-3,-6,-7,-3,-1,0,1,-4
59841885316,1,-1,-3,5,1,-2,-1,-2
59841900422,0,-2,-1,-1,0,-4,2,0
59841900422,-1,-1,0,-4,-1,-3,-3,0
59841907842,0,-1,5,4,0,1,-1,-1
59841907842,-1,-4,0,2,1,0,-1,-2
59841922740,0,-5,-13,-10,-2,-1,0,0
59841922740,-1,-1,1,1,2,-1,-1,-2
59841930257,-1,1,2,1,-1,-1,-5,0
59841930257,1,1,9,-2,0,1,0,-2
59841939190,-1,2,14,2,-1,-1,-2,0
59841939190,0,2,11,-2,0,0,0,-1
59841945327,0,1,3,-1,-3,0,1,0
59841945327,-2,-1,3,1,0,0,-2,0
59841960210,-1,1,-4,-1,-1,1,2,-1
59841960210,-1,1,-6,-2,-1,-3,-2,1
59841967714,1,0,-7,2,-1,-1,2,-1
59841967714,0,-3,-9,-2,0,2,2,2
59841982867,-1,0,-8,-2,0,0,0,-2
59841982867,0,-1,-7,1,-1,0,0,-2
59841990412,-2,2,-10,0,-1,-5,0,-1
59841990412,-2,-3,-6,-2,-2,-1,-2,1
59841999154,-2,-1,-4,0,-2,-2,-1,0
59841999154,-1,0,-4,1,-1,1,-1,0
59842005312,0,-1,-3,0,-1,0,1,-1
59842005312,-1,1,-4,-2,-1,0,1,-2
59842020332,-2,-3,-1,1,0,-2,1,-2
59842020332,1,-3,-4,0,-1,-3,-3,-5
59842027819,-2,-4,-1,-1,0,-2,-2,0
59842027819,-1,-2,-1,-1,-2,2,-1,-1
