61299234477,1,0,0,0,1,-1,-1,-1
61299234477,0,-1,0,-2,0,0,0,-1
61299235379,-1,-2,-1,-1,-1,-1,0,-2
61299235379,-1,-1,0,-2,0,-2,-3,2
61299239511,1,-2,0,0,-1,0,-1,0
61299239511,-2,0,-1,0,1,-1,-1,1
61299240196,-1,-1,-1,0,-1,-1,0,1
61299240196,-1,0,0,-2,-1,0,-1,-1
61299245175,-1,-2,-2,-1,-3,-3,-1,-1
61299245175,-2,0,-1,-1,-1,0,1,0
61299253937,2,-1,1,0,-1,-2,-1,0
61299253937,0,-2,1,-1,0,-2,-1,-1
61299261667,-1,-1,-1,0,0,-1,-1,-1
61299261667,0,-3,-2,1,-2,-1,-1,-2
61299275798,0,1,-2,-2,-1,-1,-1,0
61299275798,1,-1,-2,1,-2,-1,-2,-2
61299283784,-2,-1,-1,-3,-1,-1,-2,-2
61299283784,0,-1,-1,-2,0,-3,-3,-1
61299306575,-2,0,-1,-1,0,-1,-1,-2
61299306575,0,0,-2,-1,0,-2,1,1
61299308200,-2,-2,-1,-1,0,-1,-1,1
61299308200,-1,-1,-2,-1,-2,-1,-2,-1
61299353505,-1,-2,-2,-1,-1,-2,1,-2
61299353505,-1,0,-1,-1,-1,0,-2,-1
61299354207,-1,0,-1,-1,-2,-1,1,-3
61299354207,0,0,-2,0,0,-1,-1,0
61299355029,1,-1,-2,-1,0,1,-1,-1
61299355029,2,0,-2,1,0,-2,0,0
61299358278,1,1,0,-1,1,-1,-1,-1
61299358278,-3,-1,-1,-1,-2,-1,-2,-2
61299365052,-3,-2,-2,0,-2,-2,1,-1
61299365052,-3,-3,-1,-1,-3,0,1,-2
61299372619,0,-3,-1,0,-1,1,-2,-2
61299372619,1,-2,0,0,-2,-2,0,-1
61299381454,-1,-1,-2,-2,0,7,-2,-3
61299381454,-2,-2,-1,-1,-1,-2,0,-2
61299395745,-2,-1,-2,1,-2,-3,0,-1
61299395745,-3,-1,-1,0,-1,1,0,-2
61299402462,-1,0,0,0,-2,-2,-1,-1
61299402462,-2,-3,-1,-1,-2,-3,0,-2
61299426459,-1,-1,-1,-3,-1,0,-1,-2
61299426459,0,-3,-2,-1,-1,0,-1,-4
61299427952,-1,0,0,-1,-1,-3,1,1
61299427952,0,-1,-2,0,0,1,0,0
61299448994,-3,-2,-1,0,-2,-1,-1,0
61299448994,-2,-1,-1,-2,-3,1,0,0
61299450402,0,0,0,0,-1,-1,-2,-3
61299450402,-2,0,-1,-1,-2,-1,-2,-4
61299463896,0,0,-2,-1,-1,-1,-1,1
61299463896,1,-2,-1,-2,-1,1,2,1
61299465402,-1,-1,-1,0,0,3,1,-1
61299465402,-3,2,4,-1,0,0,2,-2
61299486449,2,1,1,1,-1,-1,0,-2
61299486449,1,0,2,1,-1,1,-1,0
61299487945,3,-1,-2,-1,0,-1,-1,0
61299487945,2,-1,-1,-2,1,-2,-3,0
61299500761,-2,-3,-2,-2,0,2,-1,-1
61299500761,-1,2,-1,0,0,-2,-1,-1
61299507576,-1,-1,2,0,-2,-3,0,-1
61299507576,0,-1,-1,-1,-1,0,0,2
61299523785,-1,-1,0,0,-1,-2,0,0
61299523785,1,-1,-2,-2,1,-1,0,1
61299525422,-1,-1,0,-2,0,-3,-1,1
61299525422,0,-1,-2,-1,0,-3,-1,0
61299546496,0,-1,0,-2,0,-1,-2,-1
61299546496,-1,-2,0,0,-2,0,-2,-2
61299547932,-2,-1,-1,-1,-2,-3,-3,-1
61299547932,0,-2,-2,-1,-3,-1,-2,-1
61299560681,-2,0,-1,0,-1,-2,0,0
61299560681,-2,-1,-2,-2,0,-1,-3,-1
61299567434,-2,1,0,-1,0,-1,-1,0
61299567434,0,0,0,-2,-1,-1,-1,1
61299583775,1,0,1,-1,0,-3,-2,1
61299583775,-1,-1,0,0,-2,-3,-1,-1
61299585378,0,-4,-1,-1,-1,2,-1,0
61299585378,-1,-2,-1,-1,-1,1,-2,-2
61299606256,-2,0,0,-1,0,-3,0,-1
61299606256,0,-3,-1,0,-2,-1,-1,-1
61299608110,0,0,0,-1,-1,-2,0,-1
61299608110,-1,-2,-2,-1,-1,0,1,-2
61299620838,1,-1,-2,-2,-3,-2,0,0
61299620838,-1,1,-1,-2,-1,-2,-1,-1
61299627582,-2,-2,-1,-1,0,-2,-2,-3
61299627582,-2,-1,-1,-1,-2,-2,-1,-1
61299643970,-1,0,0,0,-3,1,-2,-2
61299643970,-2,-1,0,-1,0,0,-1,-3
61299645431,-2,-2,-2,0,-1,-2,-2,-3
61299645431,1,-2,-1,-1,0,-1,0,0
61299666424,1,-2,-1,0,-1,-1,0,-3
61299666424,0,2,1,-1,0,-2,-1,0
61299668111,-1,1,0,0,-1,-1,-2,-1
61299668111,-1,0,-1,-2,-1,-2,1,-2
61299680707,-3,-1,-3,0,1,3,-2,-2
61299680707,0,-1,-2,-2,-2,-3,-1,1
61299687686,0,-3,-2,-1,-1,-2,-3,0
61299687686,-1,-1,0,-1,1,0,1,-1
61299703979,0,-1,-1,-3,-1,-6,-16,-3
61299703979,-3,-1,-2,-2,0,2,7,0
61299705439,-2,-2,-2,-3,0,-1,-6,0
61299705439,-1,0,0,-1,-1,-1,-2,1
61299726444,0,0,1,-1,0,1,3,2
61299726444,0,-3,-1,0,1,-3,-4,-1
61299727893,-2,0,-1,0,-2,3,2,-2
61299727893,-2,0,-2,-1,0,-4,5,1
61299739989,-2,-2,0,-1,-1,-9,0,-1
61299739989,2,0,0,1,0,16,2,1
61299748911,-1,-3,-1,-2,-2,4,18,-2
61299748911,-5,-2,-1,0,-2,-6,-4,-3
61299763875,-2,-4,-2,-1,-1,-1,5,5
61299763875,0,-2,-1,-1,-1,-6,-9,-4
61299765407,5,4,1,1,1,-2,-1,3
61299765407,0,-1,-1,-1,-1,8,-2,-2
61299786332,-3,-3,-2,-1,-1,-4,7,-1
61299786332,-1,-1,-1,-2,-2,-3,-2,-1
61299787907,-2,-2,0,-1,-2,-7,-4,2
61299787907,0,-1,-2,0,-1,8,-5,-3
61299800062,0,1,-3,-1,-2,-1,16,0
61299800062,1,1,1,-2,1,-16,-4,1
61299808942,2,-1,0,0,1,12,0,-4
61299808942,3,0,-1,-1,-1,-2,16,0
61299831516,-5,-5,-1,-1,0,-6,-8,-3
61299831516,-5,-3,-2,-1,-1,10,34,-6
61299832875,0,1,-2,-4,-4,-17,-34,-1
61299832875,-3,-3,0,-1,-3,-4,-3,2
61299846434,6,2,1,1,-1,-13,-6,0
61299846434,-9,-3,-3,-2,0,22,11,-5
61299847904,9,-2,-1,0,-1,1,35,8
61299847904,-8,1,-1,-1,-2,-7,-72,-10
61299860042,4,-1,1,-1,0,5,0,6
61299860042,-3,-4,-2,-1,-1,-10,-21,-1
61299868952,-3,-4,-3,-2,-3,-3,16,-2
61299868952,0,1,-1,-1,0,7,7,8
61299883858,1,2,1,1,2,4,-24,-12
61299883858,12,3,2,-1,-4,1,22,6
61299885416,-7,-2,-3,1,0,-2,-2,-8
61299885416,-7,-6,-3,0,-1,-11,11,-2
61299906399,-5,-1,-2,0,0,19,-20,0
61299906399,-1,0,2,-1,-1,-5,-32,-4
61299907909,3,1,-1,0,-2,-17,-59,-6
61299907909,4,-3,-2,-2,-2,1,25,-5
61299920084,-12,0,-1,-1,-1,6,33,-3
61299920084,-7,-1,-1,-1,-1,-7,-18,6
61299928985,-6,-6,-3,0,-1,2,10,-3
61299928985,-2,3,0,0,-3,-3,-33,-7
61299943292,10,1,-1,-3,-1,-7,8,5
61299943292,12,1,0,1,0,-3,1,10
61299950116,-10,1,-1,0,-2,1,26,-4
61299950116,7,-1,0,-1,2,-1,-1,2
61299966470,-3,-1,0,-1,0,2,-4,-1
61299966470,-12,-3,-2,-2,-2,-10,-23,-9
61299967927,1,0,0,-2,-2,1,-17,6
61299967927,-1,0,1,1,0,2,48,0
61299980046,0,-1,-1,-1,-2,-10,-81,-1
61299980046,4,0,-1,0,-2,3,18,4
61299988930,6,5,1,0,3,7,1,-7
61299988930,-2,5,2,-1,0,-2,16,0
61300003129,-5,-4,-4,-3,-1,-2,11,1
61300003129,-17,-8,-3,-2,-4,-10,-19,-11
61300009936,0,-7,-1,0,-3,8,13,6
61300009936,5,8,0,-1,-1,-6,-15,6
61300026291,-4,-4,-2,-2,-6,-10,35,-13
61300026291,4,-1,-1,-3,-1,4,10,-2
61300027908,-10,0,1,-4,0,-13,10,-5
61300027908,-6,-7,-3,-3,-2,7,6,0
61300040010,18,3,-1,1,1,1,-17,13
61300040010,-3,3,-1,1,2,3,11,-3
61300048977,-7,-3,-2,0,0,-8,-4,2
61300048977,4,-1,0,0,0,1,-2,2
61300063377,-1,-2,-1,-1,-1,-3,21,-6
61300063377,-5,-3,-3,-2,-3,-2,-31,-4
61300070055,2,-1,-2,-2,0,6,-1,-5
61300070055,-14,-8,-3,-1,-3,-5,-28,7
61300086338,6,4,1,0,1,4,27,-3
61300086338,7,1,-2,-2,-2,-6,-5,1
61300087907,1,3,0,-2,0,-4,-24,-6
61300087907,-8,-5,-3,-2,-2,0,15,-2
61300099885,-2,-3,-1,-3,1,0,18,1
61300099885,-2,1,-1,-2,-1,-1,-7,0
61300108918,11,4,1,0,1,1,-7,1
61300108918,-3,-2,-2,1,3,8,44,-4
61300131489,-7,-2,-1,-2,-2,-1,-1,1
61300131489,6,2,0,1,1,3,31,12
61300132861,-1,-3,0,-1,-3,-1,-19,-7
61300132861,5,2,-1,-1,1,2,24,-2
61300146186,-2,2,-1,0,0,-4,-65,-5
61300146186,-5,-4,-3,-1,-3,-10,13,0
61300152567,-1,-3,-3,1,-2,0,24,3
61300152567,0,-1,0,0,-1,-7,-41,-1
61300168907,-8,-4,0,0,-2,0,-2,-13
61300168907,8,3,-2,-1,0,5,15,-2
61300170423,-12,-2,-3,-4,-1,1,-33,5
61300170423,0,-1,-3,-3,0,-3,4,-5
61300183271,-2,2,1,-1,-2,-8,-31,7
61300183271,-9,-6,-2,-1,-1,7,30,-14
61300190071,24,3,1,-1,-2,-2,10,19
61300190071,-9,0,-1,0,0,-1,2,-7
61300206457,1,1,1,1,0,2,11,-4
61300206457,0,1,2,0,-1,-8,-11,0
61300207933,-7,-4,-2,0,-1,11,24,2
61300207933,5,1,1,-1,-1,-5,-8,-1
61300228919,-11,-7,-4,-3,-2,6,29,-2
61300228919,-9,-7,-3,0,-1,-6,-57,-4
61300230422,2,2,2,0,1,0,26,-3
61300230422,3,0,-1,-2,-2,-1,-6,4
61300243296,-2,1,0,0,1,1,6,0
61300243296,-2,-3,-3,-3,-3,-3,4,-2
61300250092,-2,1,-3,0,0,-2,-1,-8
61300250092,-4,-4,-2,1,-1,0,-8,-3
61300265704,9,1,-1,0,0,-6,-16,11
61300265704,-1,0,0,-1,-1,-1,5,-9
61300266436,-5,-2,-2,-2,-2,6,7,-6
61300266436,4,3,-2,-1,-2,-9,-24,-5
61300288216,-5,-4,-3,-3,-2,8,-1,-3
61300288216,1,0,1,2,1,4,-34,6
61300288902,-9,-4,-1,-1,-3,-14,-27,-11
61300288902,3,1,-1,-4,-1,10,-4,7
61300302573,-3,-4,1,1,0,-3,4,-4
61300302573,2,-3,-3,-3,-4,7,48,6
61300310003,-2,0,0,1,0,-3,18,1
61300310003,0,-3,-2,-1,-2,-6,-24,-1
61300333213,0,-2,-3,0,-1,3,13,6
61300333213,7,5,3,2,0,-8,-44,-2
61300333891,2,2,1,-1,-1,5,29,0
61300333891,-4,-4,-3,-4,-3,-5,-1,-6
61300348222,-4,-3,-2,-2,-1,-9,-33,-11
61300348222,-3,-1,-2,-2,0,12,23,0
61300348908,-4,-3,-1,-2,-2,-8,-1,4
61300348908,11,6,4,3,2,1,-47,3
61300370714,-6,-3,-3,-4,-4,1,4,-4
61300370714,0,-2,-2,1,4,-2,-20,-3
61300371404,-8,-3,-1,-1,-3,0,-5,-7
61300371404,-6,-6,-3,-2,0,-2,29,-5
61300393223,-1,1,0,1,-1,2,26,-1
61300393223,7,3,1,-2,-3,-7,-6,11
61300393854,1,0,-1,-1,2,4,0,2
61300393854,2,3,2,-2,-2,0,21,0
61300408269,6,2,-2,-1,-1,2,-8,-1
61300408269,-14,-6,-4,0,-1,-1,27,-4
61300408898,10,5,1,0,0,-2,-9,0
61300408898,-3,-4,-3,-2,-1,3,4,8
61300430702,-3,-2,-2,-2,0,-1,-27,-15
61300430702,5,0,0,-3,-3,-3,18,8
61300431417,-4,-4,-2,0,0,-9,-25,-6
61300431417,-1,0,1,2,2,-1,-15,-4
61300453139,2,0,0,2,0,7,22,14
61300453139,-6,-2,-2,-1,-3,1,20,-13
61300453877,-2,-2,-5,-2,-1,-2,19,4
61300453877,-7,-6,-4,-3,-5,-11,-38,-19
61300468069,5,3,2,1,0,-1,25,10
61300468069,-2,-2,0,0,-3,-3,24,-3
61300468864,5,4,2,1,4,8,-5,8
61300468864,-1,-2,-3,-1,-2,-12,-8,-7
61300490614,-8,-7,-5,-2,-1,-4,26,-10
61300490614,-2,-1,-1,-2,-1,7,-6,14
61300491391,-6,-4,-2,0,-2,-7,-33,-10
61300491391,2,-1,-1,1,1,7,7,4
61300513152,-3,-5,-3,-5,-2,0,-3,-2
61300513152,0,-3,0,1,2,-5,-24,-7
61300513882,-1,2,0,-2,-2,4,11,-1
61300513882,5,0,-1,0,-1,3,44,10
61300528261,-5,3,-1,-1,-1,-12,-53,-8
61300528261,-6,-5,-5,-3,1,2,-30,-8
61300528885,-1,-4,-2,-3,-4,1,-14,1
61300528885,2,4,2,3,2,-6,-11,3
61300550731,6,1,0,-2,2,24,41,6
61300550731,2,3,-2,-1,-2,-25,-17,-9
61300551383,-4,1,1,1,2,-9,-14,2
61300551383,-2,-2,-2,-2,-3,-3,4,4
61300573163,3,-3,-3,-2,-3,1,11,6
61300573163,-3,0,0,-2,-2,4,-16,-15
61300573879,-5,-5,-1,2,-2,5,-5,-1
61300573879,-6,-1,0,0,0,-3,15,-7
61300588070,-2,0,-2,-1,-1,-4,-36,0
61300588070,5,1,-1,-3,-5,4,82,7
61300588857,-11,-4,-4,-5,-6,-2,25,-7
61300588857,5,6,3,2,4,3,-40,-2
61300610559,1,-1,-1,-2,-4,-7,12,-4
61300610559,2,-2,-2,-1,0,-1,-9,3
61300611311,4,1,3,3,0,2,37,10
61300611311,-5,-7,-5,-14,-6,-3,-40,-15
61300633124,-3,-3,-1,6,0,-5,-30,1
61300633124,-6,-3,-2,-1,-1,-3,59,15
61300633826,2,-1,0,11,1,3,-17,-5
61300633826,2,3,0,-14,-1,-6,7,1
61300648095,6,0,-1,-6,-3,20,63,11
61300648095,-7,-5,-1,-2,1,-13,-76,-14
61300648871,-1,1,-2,-6,1,5,-1,-1
61300648871,-5,-3,-2,4,-1,6,52,3
61300670560,-3,-2,1,0,1,-15,-31,-7
61300670560,3,4,2,3,2,2,1,3
61300671347,2,-2,-1,-5,-1,5,30,6
61300671347,3,2,0,6,0,0,27,-6
61300693301,-10,-5,-3,-1,-2,-9,-12,-2
61300693301,6,-2,-1,-2,-1,9,-26,0
61300693867,5,2,2,-2,0,-15,-62,1
61300693867,1,-3,1,4,2,8,19,8
61300708204,-4,2,2,1,0,-9,-25,-6
61300708204,4,5,2,0,0,8,16,5
61300708853,-5,-3,-2,-2,-1,-7,-7,-7
61300708853,-2,-3,-2,1,-1,5,-1,5
61300730713,2,3,2,0,-2,-10,-12,0
61300730713,0,-3,-2,-2,-2,2,23,5
61300731324,1,0,-2,1,3,-4,10,3
61300731324,-3,0,-1,-1,-3,7,7,-1
61300753873,-3,-3,0,1,2,-2,23,-5
61300753873,1,1,-2,-2,-1,0,-46,-5
61300754563,-5,-3,-1,-4,-4,-11,-26,-7
61300754563,-2,-3,-4,-1,-3,-1,26,4
61300768276,-2,-1,-3,1,-2,9,34,0
61300768276,2,2,3,1,3,-8,-29,1
61300768918,-2,-3,-6,-8,-8,2,15,-3
61300768918,-1,-2,2,3,2,-3,-14,-1
61300790708,-2,0,0,-3,-3,-13,-31,-6
61300790708,-5,-4,-2,1,-3,3,26,-15
61300791383,4,8,4,4,5,4,28,5
61300791383,2,-1,-2,-19,-4,7,1,10
61300813908,-1,-1,0,8,-2,-2,-8,-1
61300813908,3,4,2,6,1,-4,-19,-3
61300814612,-8,-8,-6,-2,-4,-4,-28,-6
61300814612,1,1,1,-3,0,4,40,2
61300828189,0,-2,-1,-3,4,-3,-25,-2
61300828189,-5,0,-1,-4,-1,-7,-4,4
61300828861,-2,-5,-3,-1,0,1,-6,-4
61300828861,1,0,-3,4,-2,1,0,-6
61300850657,5,1,-3,-5,-2,6,28,8
61300850657,-2,0,2,4,0,-1,17,-1
61300851364,-6,-3,-2,-2,-3,-7,-14,-6
61300851364,1,1,0,1,-3,1,-13,2
61300873740,-4,0,0,-1,-2,5,22,-7
61300873740,-1,-1,-3,-5,-2,3,-9,-2
61300874536,1,0,-2,-1,-3,2,12,3
61300874536,-3,-3,-1,2,4,-5,-33,-8
61300888108,-3,-2,-1,-3,-8,-6,6,-11
61300888108,-3,-3,-3,-3,-2,-14,5,0
61300888876,-6,-1,-1,-1,-2,20,-17,-5
61300888876,-1,-3,0,5,1,-6,36,0
61300910767,7,4,2,1,3,4,-14,6
61300910767,-6,-4,-3,-4,-3,-3,14,-3
61300911385,4,3,1,0,-2,-11,-13,-3
61300911385,-8,-8,-4,1,-2,-13,-34,-7
61300933757,-7,2,2,-6,-1,10,21,-4
61300933757,-5,-3,-5,-5,-4,-15,-33,-8
61300934538,5,1,-2,-12,1,2,7,5
61300934538,4,5,3,8,3,1,-2,7
61300948094,-2,-3,0,1,-2,-5,-44,-8
61300948094,-7,-5,-3,4,1,10,26,-4
61300948888,1,1,-1,-4,-1,2,34,5
61300948888,-7,-5,-4,-4,-4,-10,-24,-7
61300970793,5,2,1,3,0,0,12,10
61300970793,-2,-1,-2,-8,1,10,-12,-5
61300971348,-7,-6,-3,2,-1,-4,-11,0
61300971348,4,1,-1,0,-1,-2,17,0
61300993857,-3,0,-2,-1,-1,-7,9,3
61300993857,3,2,1,-1,-1,10,9,4
61300994583,2,-2,1,4,1,-5,-48,3
61300994583,-4,0,-1,0,0,-5,6,-3
61301008248,-4,-3,-3,-4,0,-4,-15,-3
61301008248,2,0,1,1,2,-7,32,5
61301008907,2,2,-2,1,-2,11,57,-5
61301008907,2,-1,-1,-6,-4,8,6,3
61301030755,-4,-3,-2,-2,-3,-6,-23,-10
61301030755,-1,-2,-1,2,2,6,3,2
61301031414,-1,0,1,1,-3,-5,-15,-2
61301031414,-5,-3,-2,-1,-3,-11,-12,-6
61301053908,2,1,-1,-1,0,0,6,2
61301053908,4,-2,-1,1,-2,1,-21,1
61301054565,-3,3,3,4,2,-7,-3,-4
61301054565,2,1,0,-6,-4,10,-5,1
61301068186,-4,-6,-2,-1,1,-4,-21,-2
61301068186,2,1,-2,-3,-1,-5,5,1
61301068912,-5,-6,-5,-3,0,12,54,9
61301068912,1,2,2,1,-1,-1,-12,-4
61301090691,1,1,-1,-1,-1,-1,-19,-3
61301090691,-4,-4,-2,-2,-4,-3,8,-5
61301091365,-2,-2,0,6,-3,-9,-8,-3
61301091365,-1,0,-3,-5,1,10,39,5
61301121235,-2,-2,-2,-4,1,-8,-88,-2
61301121235,6,5,0,1,-5,-2,-1,2
61301122421,-1,0,-2,-1,-3,3,14,-5
61301122421,-2,0,-1,4,1,-6,3,-2
61301128021,2,0,-2,-1,1,4,27,3
61301128021,-8,-4,-3,0,1,2,-2,-2
61301128820,8,-3,-3,-29,-5,-5,-15,3
61301128820,2,0,2,17,3,-4,-3,-2
61301150573,4,1,1,-1,-3,4,33,4
61301150573,-2,-2,0,1,0,2,-22,1
61301151352,-8,-3,-3,-3,3,-1,-43,-4
61301151352,-4,-4,-2,-8,-7,-5,-4,-1
61301173928,3,2,2,1,-2,-5,-8,-1
61301173928,-1,0,2,0,3,9,16,-2
61301174588,2,1,0,4,-1,2,-23,3
61301174588,-5,-3,-5,-5,-1,-23,-50,-9
61301188157,-8,-5,-8,1,-1,11,18,-11
61301188157,5,1,-1,-2,-2,-9,1,1
61301188874,0,1,0,3,1,2,24,0
61301188874,1,1,2,-1,1,1,-59,-3
61301210548,1,-1,-2,-4,-3,-5,17,2
61301210548,3,2,2,-2,-1,3,20,3
61301211325,-4,-1,0,3,-1,-6,-7,-2
61301211325,6,4,1,0,0,8,21,3
61301241420,-2,-3,0,-2,-2,2,35,0
61301241420,-5,-3,-1,-3,-3,-8,-40,-5
61301242085,2,-2,-3,2,-2,-15,-3,-1
61301242085,-4,1,1,-3,0,22,-3,-2
61301247487,1,-3,1,1,0,-6,0,3
61301247487,-6,-2,-3,-2,-4,0,6,-5
61301255708,3,2,2,2,0,-3,9,3
61301255708,-7,-7,-2,-1,-4,-4,-14,-6
61301270682,2,1,2,0,2,10,50,6
61301270682,-6,-5,-2,-3,-3,-11,-42,0
61301271409,1,2,1,2,-1,11,-8,-4
61301271409,3,0,-2,0,0,-3,29,11
61301293874,-6,-4,1,3,1,6,-10,-10
61301293874,1,0,-5,-15,-1,-4,-14,-2
61301294562,-4,-4,-2,-1,-1,7,10,-3
61301294562,-4,1,0,-4,-4,-16,-12,-3
61301307528,3,0,-3,0,-1,1,-8,5
61301307528,-6,-3,1,4,1,0,-29,-8
61301315698,1,-3,0,0,0,0,29,0
61301315698,-2,1,0,-2,-1,13,15,-7
61301330727,-2,1,0,0,-3,-15,-27,3
61301330727,2,-3,-2,0,-1,4,20,-2
61301331342,-6,-5,-3,-2,-3,-5,-4,-4
61301331342,0,-2,-3,1,-2,-5,-7,-2
61301353918,3,1,0,-2,1,10,9,3
61301353918,-1,0,0,2,-1,12,60,-3
61301354593,3,2,-1,-1,-4,-4,-25,5
61301354593,-3,-4,-4,-13,2,-4,-22,-5
61301376283,-3,-2,0,24,-6,-15,-18,-7
61301376283,1,2,2,2,4,-1,10,3
61301377077,-3,-3,-2,-1,-2,2,2,1
61301377077,1,-2,0,0,0,-5,1,-1
61301398858,1,1,-1,-8,-2,11,-10,6
61301398858,2,0,1,1,-1,-15,-6,-2
61301399602,5,3,0,4,3,8,20,7
61301399602,-2,0,-1,2,-1,-8,0,-1
61301413840,-9,-6,-4,-12,-1,6,13,-9
61301413840,-1,-1,-1,0,-3,0,6,8
61301414554,-1,1,0,-4,1,2,-21,-3
61301414554,-6,-3,-3,1,-2,6,20,-4
61301427484,3,0,-1,-5,2,-1,10,0
61301427484,-4,-3,-2,0,0,-5,-26,-3
61301435680,7,2,0,-1,-1,-4,-14,-1
61301435680,1,-1,0,2,-2,-8,-6,1
61301450623,-2,0,0,0,1,-6,-9,-1
61301450623,-4,-2,-3,-4,-7,5,1,-1
61301451399,-7,-3,-1,0,-2,-6,-9,-6
61301451399,3,2,1,3,0,1,10,3
61301473932,3,4,1,-5,-4,-3,-26,1
61301473932,6,0,-3,-2,-3,-13,50,7
61301474554,-10,-5,-3,-3,1,6,-17,-10
61301474554,1,-2,-2,1,-1,5,-7,0
61301487499,-5,-1,-2,-2,1,-4,-16,-4
61301487499,0,0,-1,1,0,0,-2,-2
61301495680,2,0,0,5,-5,-8,9,3
61301495680,-6,-5,-5,-5,0,-12,-55,-15
61301510463,-2,-5,0,-1,-1,4,-11,3
61301510463,0,2,0,0,-2,4,2,-5
61301518272,1,1,1,0,4,-3,-16,-1
61301518272,4,2,0,0,-3,7,18,3
61301533893,-2,-2,-1,-1,-2,1,40,-1
61301533893,2,3,2,0,0,-3,-54,-5
61301534582,-2,-2,-1,0,-1,4,11,2
61301534582,2,1,-1,-2,-3,-4,27,1
61301547558,-4,-2,-2,-1,-1,-15,-9,-7
61301547558,3,1,0,1,-1,11,15,5
61301555736,-3,-3,-2,-2,1,-5,17,-2
61301555736,-1,-2,-1,-1,-2,-5,3,3
61301570671,-1,-3,-1,0,0,9,25,-1
61301570671,-3,-1,0,-2,-2,-4,-13,-3
61301571333,1,2,0,-2,-5,-7,-19,-1
61301571333,-4,-3,1,1,-1,0,-4,1
61301593827,-2,-2,-4,-3,1,1,-2,-4
61301593827,-1,-1,0,-2,2,10,7,4
61301594608,1,-2,8,7,-1,-2,-15,0
61301594608,2,1,-9,-13,0,-4,22,0
61301616331,3,1,0,-21,-4,-2,-14,0
61301616331,-8,-6,-5,9,-1,-6,-7,-8
61301617060,-8,-6,-3,0,1,-1,47,1
61301617060,-1,0,6,7,2,-9,-37,0
61301630523,7,4,1,-3,-5,3,-7,2
61301630523,-1,-2,0,-2,0,0,-20,-4
61301631317,-4,-1,-3,-7,-5,2,17,-2
61301631317,-3,0,1,9,2,15,29,4
61301653738,-2,-2,-6,-12,-3,-14,-9,-1
61301653738,3,2,-1,-3,-2,-8,-58,-1
61301654540,-4,-3,-3,-1,0,5,11,-3
61301654540,-5,-4,-4,-4,-1,-4,8,-2
61301676691,1,-1,2,10,-2,-3,-1,1
61301676691,2,2,2,2,1,-1,5,-2
61301677496,4,-1,-4,-8,0,-8,-24,6
61301677496,0,1,0,0,-4,3,-12,-3
61301690681,-4,-2,0,7,1,-1,26,3
61301690681,-3,-2,0,-3,-1,-7,-18,-5
61301691314,0,1,-2,2,0,-9,3,2
61301691314,-1,-2,-2,-1,-8,7,1,-6
61301713781,-7,-3,-3,1,0,-10,-12,-6
61301713781,-4,-3,-3,-6,-1,1,22,3
61301714559,12,3,0,0,1,-2,-56,-5
61301714559,-3,-4,-1,0,0,-5,-17,4
61301736357,1,0,1,-2,-4,0,6,1
61301736357,0,0,0,1,-1,-13,10,1
61301737033,-5,-4,-3,-4,-3,0,17,-3
61301737033,0,-2,-1,-4,-1,11,-3,-2
61301750676,2,0,2,1,3,8,26,8
61301750676,-4,-1,-1,-3,-3,-8,-29,-8
61301751349,5,3,1,1,0,0,-1,2
61301751349,-1,-1,1,-2,2,-8,-4,4
61301773836,-4,-3,-4,2,-1,4,9,-4
61301773836,-2,-2,-2,-1,-3,12,6,6
61301774535,-3,-2,-3,-3,-1,-5,2,-7
61301774535,-3,1,2,1,0,2,-5,-2
61301796450,-1,-1,-1,2,2,-3,0,1
61301796450,-2,-1,-3,-3,3,0,5,-2
61301797057,-3,-1,-2,-3,-6,-3,11,-1
61301797057,0,-3,-2,-2,0,-4,23,4
61301810716,1,2,3,3,1,13,-2,-2
61301810716,-3,-5,-3,-3,-7,-20,13,-6
61301811387,-2,-1,-1,1,4,16,10,7
61301811387,2,3,0,1,-2,1,6,-1
61301833837,-4,-1,-1,-1,0,-9,-36,-4
61301833837,1,-1,1,3,2,4,2,4
61301835347,-3,0,2,-1,-4,-4,13,-5
61301835347,-1,-4,-3,-2,-3,-14,-5,-2
61301856355,-1,-4,-2,-1,-2,-5,-11,2
61301856355,-3,-2,-2,-1,0,12,8,-4
61301857930,-3,-1,-2,1,-1,-7,-20,-1
61301857930,4,5,2,0,-1,11,30,5
61301869975,0,-2,-1,-2,-2,-3,24,-5
61301869975,-2,-4,-3,-1,-4,-14,-60,-8
61301878905,-3,-3,-2,-2,-1,3,0,6
61301878905,-6,-2,1,1,-2,0,21,-8
61301893836,0,1,-1,0,-1,1,-6,1
61301893836,2,3,3,-9,-5,-6,21,-2
61301895362,-6,-4,-2,20,1,8,19,-6
61301895362,-1,-1,-3,1,-1,-23,-26,-5
61301916460,-5,-4,1,3,-2,19,6,1
61301916460,1,2,0,-2,1,-6,-9,0
61301917894,-1,-1,0,-8,-1,-8,-21,-2
61301917894,4,-2,-2,-1,0,13,24,3
61301930803,2,1,1,4,-1,-7,-7,0
61301930803,-3,-3,-3,-2,-2,4,-1,-3
61301937525,-1,-1,-1,-5,-4,3,39,1
61301937525,3,2,1,3,2,5,-5,9
61301954535,1,-1,-3,-6,-1,-16,-29,-7
61301954535,-4,-4,-4,1,1,15,21,-3
61301955843,1,2,-2,-5,-2,0,10,4
61301955843,-4,-4,-1,-2,-4,-3,-20,-3
61301976303,2,1,1,-2,1,0,26,2
61301976303,0,-1,0,2,4,-2,-9,-1
61301977848,-1,1,-1,3,-1,-2,10,0
61301977848,-6,-4,-2,-5,-1,4,1,-4
61301990682,1,2,-1,-1,-1,-11,-26,1
61301990682,0,-3,-2,1,-3,8,50,1
61301997582,3,0,-3,-5,1,-2,-17,2
61301997582,-7,-5,-4,-2,-2,-7,-29,-8
61302013882,-3,-2,-2,-2,-3,-1,3,-3
61302013882,3,3,1,0,0,8,-4,8
61302015403,-2,-2,-1,-2,2,2,-11,-6
61302015403,-2,-1,-2,-4,-4,-15,8,-4
61302036438,1,0,0,3,-1,19,23,5
61302036438,-5,-4,-4,-7,-3,-15,-36,0
61302037893,0,-1,1,-1,-1,2,12,-2
61302037893,1,3,2,1,2,-4,-2,1
61302050718,-7,-4,-3,0,0,-1,-6,-4
61302050718,3,1,1,4,1,3,-1,3
61302057515,-6,-4,-4,-4,-4,-5,-16,-9
61302057515,-3,-1,-2,-2,0,1,-16,1
61302073860,2,0,-2,-5,-1,0,7,3
61302073860,-3,-1,-1,0,0,0,16,-3
61302075348,3,2,0,-1,0,-12,-1,0
61302075348,4,-1,-1,-20,-2,8,8,0
61302096355,-4,-5,1,35,1,-10,-35,-6
61302096355,0,-2,-5,-12,-2,-4,34,3
61302097876,-7,-3,-4,-4,-3,-5,6,-1
61302097876,-1,-2,-2,-1,0,12,-32,-5
61302109898,-1,2,1,-8,-4,-2,8,-5
61302109898,-1,0,2,5,2,6,-20,-4
61302118899,6,4,5,3,-1,-4,31,8
61302118899,-4,-3,-2,-1,-1,-3,-17,-3
61302133727,-2,-2,-4,-10,0,-2,3,-6
61302133727,3,1,1,5,-3,-3,9,0
61302135350,-3,0,0,-3,2,8,-17,-1
61302135350,-2,-2,-2,4,-3,1,14,4
61302156430,4,3,0,-5,0,-3,2,-1
61302156430,2,2,1,3,0,9,-6,2
61302157922,-6,-4,-4,-4,-5,-14,-7,-6
61302157922,-4,-3,1,2,2,1,-2,-5
61302170036,1,1,-1,-4,-1,-9,-10,-1
61302170036,1,3,0,-1,-2,5,2,4
61302178909,-1,-4,-3,1,1,10,-15,-4
61302178909,1,0,-1,2,-3,-11,18,7
61302193771,4,2,0,-8,-4,4,18,5
61302193771,-4,-4,0,1,0,-8,-19,-6
61302195380,1,0,0,-1,-2,4,4,4
61302195380,-1,0,0,0,1,-16,-7,-3
61302216345,-3,-2,-2,-3,-1,2,0,1
61302216345,0,-1,-5,-15,-2,1,36,2
61302217858,-5,-2,1,6,0,1,-34,-3
61302217858,5,1,3,10,0,-13,9,1
61302230062,-5,-3,-6,-12,-5,3,12,0
61302230062,1,0,0,-3,-1,4,-13,-2
61302238928,4,2,-2,-6,-2,3,20,2
61302238928,3,1,1,3,-2,4,-16,2
61302253914,0,-1,-4,-3,1,-11,-16,-8
61302253914,-7,-4,-3,2,-1,1,6,-2
61302255389,1,-2,-3,-1,-4,-9,-20,-2
61302255389,3,4,2,0,0,9,7,-2
61302276331,3,0,0,0,0,-3,-14,8
61302276331,2,2,0,2,-2,0,3,0
61302277883,-1,0,1,3,3,-1,-15,0
61302277883,-9,-4,-5,-7,-4,-1,-11,-11
61302290011,1,-1,0,-1,0,8,21,-2
61302290011,-2,0,-1,2,-1,-11,-13,0
61302298872,-4,-2,0,-2,1,-8,-5,-1
61302298872,-1,-2,-1,-2,0,15,0,0
61302313812,2,-1,-1,-1,1,-5,22,6
61302313812,-2,-1,0,4,0,11,-44,-3
61302315338,5,4,2,-1,0,-17,-21,0
61302315338,-2,-1,-1,-3,-2,-10,5,-4
61302336372,-1,-1,0,4,-1,-11,-17,-1
61302336372,-5,-2,-2,-2,-2,7,8,-2
61302337866,-1,-2,-4,-3,1,0,26,2
61302337866,-3,-4,-2,-1,-4,-4,2,-2
61302350010,0,-1,1,-1,-2,5,-8,0
61302350010,-2,-1,-2,0,0,-16,-20,-7
61302358896,-1,-2,-2,0,-2,12,3,-1
61302358896,1,1,0,-1,-1,-8,-5,1
61302373790,-8,-2,-2,-3,-4,2,11,-4
61302373790,1,-3,1,-2,-1,-2,6,5
61302375336,-6,-2,-4,-2,-4,-5,-23,-10
61302375336,7,1,2,-1,-2,3,16,6
61302396429,-3,-3,-2,-1,-2,-2,-9,-4
61302396429,3,2,14,13,3,0,15,3
61302397862,3,1,-10,-13,0,3,16,4
61302397862,-7,-3,-4,-3,-1,-7,-58,-7
61302410037,-2,-1,0,2,-2,-8,9,-1
61302410037,5,1,-4,-6,-1,-3,-14,-1
61302418897,-2,-1,3,5,-1,-5,25,1
61302418897,3,1,0,1,0,6,15,2
61302433807,-2,-4,-5,-2,-2,9,-11,-3
61302433807,2,2,1,3,-1,-4,-9,1
61302435370,-1,-4,-1,-3,-3,1,18,-3
61302435370,-3,-1,-5,-3,2,4,8,1
61302456326,4,2,2,3,-1,8,14,2
61302456326,-6,-4,-6,-15,-2,-11,-1,-4
61302457813,-3,-1,-3,-16,1,-1,-40,-5
61302457813,0,-1,-1,30,1,11,48,5
61302469991,-4,-2,0,-2,2,5,-30,-2
61302469991,-1,-1,-2,1,-3,0,30,1
61302478931,-3,-2,1,0,-1,-3,-18,-2
61302478931,-1,-2,-1,-10,-3,-5,-24,-2
61302493858,-1,0,1,-1,-2,-11,-10,-3
61302493858,-6,-3,-4,2,0,8,60,1
61302495384,-1,-2,-1,0,-1,3,-20,-7
61302495384,-1,0,1,-3,2,-10,-21,2
61302516371,-4,0,-2,-3,-5,13,1,-9
61302516371,-1,-3,-3,-4,-2,1,4,-2
61302517862,7,2,2,2,1,-3,29,6
61302517862,-4,-1,-3,-6,-3,-2,-10,-5
61302530015,2,-1,1,-2,4,-3,8,5
61302530015,-1,-1,-1,-2,-2,-2,-13,0
61302538882,-3,-2,1,5,1,-1,-12,-3
61302538882,-2,-3,-3,-4,-5,-5,27,-4
61302553896,-3,-3,-4,-3,-1,-7,0,1
61302553896,2,0,-1,1,-2,1,-14,0
61302555391,-1,0,1,2,-1,4,0,0
61302555391,0,0,0,-1,2,1,2,0
61302576362,1,1,-3,-5,0,-3,-2,0
61302576362,0,0,-1,-1,1,-4,-2,-2
61302577855,-1,0,-1,0,-2,-2,-10,1
61302577855,0,-2,-1,-3,-1,-3,-14,-2
61302598993,-2,-2,-2,1,-2,-6,23,-6
61302598993,3,1,-1,-1,-1,4,-16,4
61302600394,-2,0,-1,-1,-1,-4,29,-1
61302600394,-2,-2,-1,-2,-1,5,-13,-3
61302613146,-4,-2,1,0,-1,-6,-11,0
61302613146,1,1,-3,-1,-1,-22,-10,-4
61302619982,-3,-2,-1,2,-1,18,19,1
61302619982,0,0,-2,-5,-1,2,12,-1
61302636332,-5,-2,-2,-2,-4,-10,-13,3
61302636332,2,1,0,-1,-1,5,15,1
61302637870,-2,-2,-3,1,-1,-12,-15,-3
61302637870,-1,-2,-1,-2,-1,-2,14,2
61302658836,0,-1,1,0,2,3,-19,-1
61302658836,-8,-4,-2,-3,-5,0,-5,-6
61302660348,3,1,1,1,-1,0,24,4
61302660348,1,-2,0,-1,0,-1,-7,-1
61302672550,-2,-2,-1,0,-1,2,1,-3
61302672550,-1,-2,-2,0,-1,-2,3,0
61302681434,-1,-1,-2,-1,0,2,-17,-3
61302681434,0,0,0,-2,-3,-11,4,1
61302696253,1,2,-1,-2,-2,3,6,-1
61302696253,-5,-1,-2,-1,-2,10,-8,-4
61302697872,-1,-1,-2,-2,-2,-2,-8,-3
61302697872,1,-1,-1,0,-1,4,-16,1
61302718812,-2,-2,-2,-2,-1,-10,7,1
61302718812,-2,-2,-1,0,1,-2,9,-2
61302720350,-2,-1,0,-1,-2,1,0,-2
61302720350,1,2,-2,-1,0,-5,-2,-1
61302732518,2,1,0,0,-3,2,-10,3
61302732518,-2,-3,-1,1,-3,-2,-6,-6
61302741366,-1,-2,-1,-2,0,2,4,-2
61302741366,-1,0,-1,-1,0,-2,-2,-4
61302756314,-2,0,-2,-1,1,1,11,-1
61302756314,0,-2,-1,1,0,3,-4,1
61302757837,-3,-1,-3,1,-5,-29,-55,-3
61302757837,-5,-5,-3,-4,-6,7,68,-3
61302778875,0,0,1,0,-1,-6,-11,-1
61302778875,2,1,1,-1,2,8,1,2
61302780391,-1,-1,-1,0,-2,-18,-11,1
61302780391,-2,-2,-2,-1,-1,19,-13,-2
61302792558,1,-1,-3,-3,-2,-5,31,-2
61302792558,-8,-4,0,-1,0,-3,-6,-3
61302801370,0,-1,0,-2,2,8,19,-1
61302801370,-2,1,-1,0,2,-18,-43,-2
61302816345,-1,-3,-1,-1,-2,8,32,-3
61302816345,4,1,-1,-2,1,-6,-19,-1
61302817846,3,0,-1,0,0,0,23,4
61302817846,2,2,0,0,1,5,-23,1
61302838863,-2,-1,-2,-1,0,2,-16,-4
61302838863,-2,0,-2,-1,-3,-10,-12,2
61302840370,-4,-2,-1,-1,-3,9,35,1
61302840370,1,-1,0,1,0,-2,16,1
61302852483,-4,-3,-1,-1,-2,-10,-9,-1
61302852483,2,1,-1,1,-1,5,-15,0
61302861402,-2,-2,-2,0,-1,-4,2,-2
61302861402,-2,-2,-2,-1,-1,5,-21,1
61302875463,2,3,2,1,-1,1,-17,3
61302875463,1,-2,-1,-2,-1,4,21,0
61302883875,-1,-1,-1,-3,-2,11,0,-3
61302883875,-4,-3,-2,-2,-1,-8,-4,-3
61302898900,5,2,1,0,0,0,1,3
61302898900,-1,-2,0,1,2,24,-1,-2
61302900361,-1,0,-2,-2,-2,-10,-25,-2
61302900361,-2,-2,-1,-1,-1,-7,9,-1
61302912532,0,-1,-1,1,2,29,14,3
61302912532,3,2,2,-1,-3,-34,-52,-3
61302921375,-6,-3,-2,-1,-1,7,9,-2
61302921375,2,-1,-1,-1,-1,-2,3,-1
61302936457,1,-1,-2,-2,0,0,-5,-2
61302936457,-1,-4,0,0,-1,3,20,2
61302937925,6,1,0,-1,-1,-3,-6,0
61302937925,-7,-3,-1,-2,-3,3,-13,-3
61302958792,-3,-3,-3,-1,-2,-4,2,-3
61302958792,2,-2,-2,-2,-2,-3,21,3
61302960371,-5,-5,-2,0,-1,-11,2,-4
61302960371,2,2,-1,0,1,18,24,6
61302972534,7,5,1,0,0,-26,-30,-1
61302972534,-6,0,-1,0,-1,6,15,-3
61302981379,-1,-1,-3,-2,1,1,-36,-3
61302981379,-1,-3,-1,1,0,6,4,2
61302996332,-7,-4,-2,-1,-2,-8,0,2
61302996332,1,0,-1,-1,1,-6,-18,-3
61302997839,0,1,-1,-1,0,13,48,6
61302997839,3,1,2,0,-1,-9,-15,-3
61303018870,-2,-2,-2,-3,-2,-7,-13,-5
61303018870,-4,-4,-4,-1,-2,-5,8,-2
61303020377,0,-1,-1,0,0,5,-9,-2
61303020377,1,1,-1,-2,-3,-3,14,-2
61303032465,-2,-2,-1,-1,-2,-1,-6,-2
61303032465,-2,-2,-1,1,1,0,-3,-2
61303041394,1,1,-1,-2,-1,6,0,3
61303041394,4,2,0,0,-2,-11,15,1
61303056454,-2,-3,-2,-1,-2,5,5,-5
61303056454,-1,-1,-1,0,-1,0,7,0
61303057842,1,-1,-1,-1,-2,1,1,0
61303057842,-3,-2,-3,-1,0,-10,-20,-2
61303078851,-1,-2,0,1,4,14,-29,-1
61303078851,-3,-1,-1,-3,-2,-11,2,0
61303080382,0,-1,0,-1,-2,-5,10,1
61303080382,0,0,-1,-1,0,1,-21,-2
61303092522,-5,-2,-3,-1,-3,-14,16,0
61303092522,-1,-4,-1,-1,0,6,4,-4
61303101404,3,0,0,0,-1,-2,24,-1
61303101404,-2,-2,-2,-1,-3,-3,-16,-9
61303116331,0,-1,-2,-1,-1,2,11,0
61303116331,3,2,1,0,1,7,5,4
61303117875,-2,-1,-2,-2,-1,1,8,0
61303117875,-6,-2,-1,0,-2,9,-26,-4
61303138972,-2,-3,-2,-4,-2,2,15,3
61303138972,-4,-1,-3,-2,-5,-5,3,-3
61303140346,-2,-2,-2,-1,-1,3,19,-1
61303140346,-2,0,-2,-2,0,-7,6,-1
61303152541,1,1,-2,-2,-3,0,-6,-2
61303152541,-1,0,1,-3,0,9,-19,1
61303161355,-2,-3,-2,1,-1,-3,-19,-1
61303161355,-3,-3,-3,-3,-2,-8,18,-2
61303176386,1,1,-1,0,-1,-14,-20,-5
61303176386,4,2,-1,0,1,-2,34,3
61303177875,-5,-2,-2,-1,-5,-4,-26,-6
61303177875,-3,-4,-2,-1,-1,-5,6,0
61303198917,3,0,3,2,3,14,31,6
61303198917,-1,-1,0,-3,-4,-13,-61,-6
61303200347,2,0,-1,1,1,-3,-9,1
61303200347,2,0,-1,-2,-3,15,-27,1
61303212389,-3,-3,-2,-1,-2,-17,19,2
61303212389,-3,-2,-3,1,1,13,23,-2
61303221380,0,-1,0,0,-1,-8,-13,-4
61303221380,-2,-3,-2,-3,-1,-5,10,-1
61303236335,-4,-1,-2,-2,-4,-2,-12,-4
61303236335,-1,-1,2,-2,-4,-9,4,1
61303237822,2,1,3,3,2,6,-9,1
61303237822,-1,1,-1,-1,-1,8,53,2
61303259010,-2,-2,-2,-2,-2,-14,-44,-6
61303259010,-1,0,-1,-2,0,-1,6,1
61303260382,-3,-2,-2,-1,0,3,1,0
61303260382,0,-2,0,-1,-3,1,16,-1
61303272510,4,2,2,3,-1,13,16,3
61303272510,-3,-2,-3,-3,-2,-9,-26,-4
61303281376,-5,-3,-1,-2,-2,-6,-12,-6
61303281376,3,3,2,0,2,-5,-11,3
61303295601,-4,-3,-5,-2,-2,-8,-3,-8
61303295601,1,-2,-2,0,0,3,43,3
61303302409,-4,-4,-3,-4,-3,2,2,-1
61303302409,0,-3,3,1,-2,-18,-36,0
61303318935,3,3,-1,-1,2,12,9,4
61303318935,-1,0,1,1,0,1,-3,0
61303320322,-4,-1,-2,-2,-4,-7,-13,-7
61303320322,-1,0,0,0,-1,-7,3,3
61303332485,-1,-1,0,-2,-1,6,0,3
61303332485,-2,-1,-3,-2,-1,-4,-22,0
61303341356,-1,0,-1,-2,-1,-3,14,-4
61303341356,1,-1,-1,0,1,3,25,2
61303355708,0,-3,-1,-2,-1,-1,-44,-5
61303355708,0,-1,-3,0,-1,3,2,-1
61303362589,0,0,0,-1,-3,-5,-1,2
61303362589,-2,-1,-3,0,-2,0,2,-2
61303378834,-4,-3,0,-2,-1,-1,2,-2
61303378834,0,-1,0,-1,-2,-6,15,-2
61303380372,0,0,0,-1,1,-1,-14,1
61303380372,-1,-2,-2,0,-2,-3,-8,-1
61303392426,0,0,3,-1,-2,5,9,-2
61303392426,-1,-1,-1,0,-1,-6,-8,-2
61303401399,0,2,-1,-1,0,-1,-1,0
61303401399,-2,0,-2,-1,1,1,-5,-2
61303415670,0,-2,-2,-1,-2,-5,5,0
61303415670,-2,-1,0,-2,-2,1,4,-1
61303422485,0,-2,-1,0,-1,0,-5,0
61303422485,-1,-2,0,0,1,-2,2,-3
61303439319,-2,0,0,-3,-1,-3,-2,0
61303439319,-2,-3,-1,-3,-2,-2,0,-2
61303440802,-2,-2,0,0,-2,0,-1,-1
61303440802,-1,-1,-1,0,1,1,-8,-1
61303452519,-1,-1,-3,1,-2,-3,5,1
61303452519,-2,0,0,1,-1,-1,0,0
61303461347,1,-2,-1,-1,-1,-1,0,0
61303461347,-2,-2,-3,-1,-1,-1,-3,-3
61303475676,-2,-3,-1,-2,-1,0,1,-2
61303475676,1,0,-2,0,-3,-1,2,0
61303482508,0,-1,-1,-1,0,-3,-6,1
61303482508,-1,0,-2,-2,1,-2,-3,-1
61303498868,-2,-2,0,1,1,0,6,2
61303498868,-1,0,1,-1,1,-4,-13,-2
61303500418,1,-1,0,-1,-3,-1,-3,-1
61303500418,-1,-2,0,-1,-1,8,1,-3
61303521480,-1,-2,0,-2,-1,-1,-1,-1
61303521480,-1,-1,-1,-3,0,0,8,-2
61303522867,-2,0,-2,-1,0,-1,-11,-1
61303522867,-2,-2,-1,-1,-2,-5,-1,1
61303535685,0,-1,0,-3,-1,1,-7,-1
61303535685,-1,-2,-1,-2,-2,-5,7,-1
61303542510,-1,1,-3,-2,1,12,4,0
61303542510,-2,-1,0,0,-2,-1,-3,1
61303558938,-2,-2,1,-1,-3,-4,1,-2
61303558938,0,-2,-1,-2,-3,-2,-5,0
61303560321,1,0,-2,-1,-2,-5,1,0
61303560321,0,-1,-1,-1,0,0,-3,-1
61303581340,-2,2,-2,-2,1,-2,0,-2
61303581340,-2,-1,-1,0,-1,2,0,-1
61303582875,-2,0,-1,-2,-3,0,-2,-2
61303582875,1,0,-1,-2,-2,0,-1,-2
61303595690,1,0,-2,0,-3,-1,-1,1
61303595690,-2,0,-2,0,0,-1,-2,-1
61303602462,-1,-3,0,-2,-1,-4,-3,-1
61303602462,-3,-3,-2,-1,-1,2,0,-2
61303618860,-1,-1,-1,-1,-1,1,-1,-1
61303618860,-1,-1,0,0,0,0,-2,-2
61303620322,-1,-1,-2,0,0,-4,-2,1
61303620322,-1,0,0,0,-3,-3,0,-2
61303641229,-1,0,-2,-1,-1,-2,0,0
61303641229,0,-1,-1,0,-1,-1,-3,-2
61303642829,-1,-1,-2,-2,-2,-1,6,-2
61303642829,0,1,-1,0,-2,-2,-2,-1
61303654834,-2,-2,-3,1,-1,1,2,0
61303654834,-1,0,-2,-1,0,4,-2,-3
61303663877,1,0,-1,-1,0,-3,-1,-1
61303663877,-1,0,-3,-2,-2,-2,0,1
61303678873,-1,-1,-2,-1,-1,0,-2,0
61303678873,0,0,-2,0,-1,-3,-1,1
61303680351,0,-2,-2,-1,-1,-2,-1,-2
61303680351,-1,-2,-1,-1,1,5,-1,-2
61303701445,-1,-1,-1,-1,0,-4,-1,-2
61303701445,-1,0,0,-1,-4,-2,0,-2
61303702826,-1,1,-1,1,-2,-2,0,1
61303702826,-2,0,0,0,0,-5,-1,0
61303715683,-2,-1,-1,-1,-3,-1,0,-1
61303715683,-1,-2,-1,-1,-1,2,2,1
61303722512,-2,0,-1,-1,-1,-1,-4,-1
61303722512,0,0,-2,-2,-2,-5,-3,1
61303739329,-2,-2,-2,-1,0,7,2,-3
61303739329,-1,-3,0,-3,0,0,0,-2
61303740821,0,-2,-1,-2,-1,-2,-2,0
61303740821,1,-1,-1,-3,1,-1,-3,-1
61303761318,-2,-1,-2,0,-1,-3,-2,-1
61303761318,0,0,-2,0,0,-3,-2,-1
61303762821,-3,0,1,-2,0,-4,1,0
61303762821,0,0,-1,0,-2,11,0,-4
61303775631,1,-2,0,-2,0,-3,-2,2
61303775631,-1,-1,-1,-3,-1,-2,-1,-1
61303782426,-1,-1,-1,-1,-1,0,-1,1
61303782426,-1,-2,-2,-1,-3,-5,-2,-1
61303798826,0,0,-2,-1,-1,-6,0,-2
61303798826,1,0,0,-1,-1,7,0,-1
61303800340,0,-2,1,-1,0,-1,0,-2
61303800340,-1,0,-1,-1,0,-3,1,1
